{
  "project_info": {
    "project_number": "192308798712",
    "firebase_url": "https://hospital-management-syst-28613-default-rtdb.firebaseio.com",
    "project_id": "hospital-management-syst-28613",
    "storage_bucket": "hospital-management-syst-28613.appspot.com"
  },
  "client": [
    {
      "client_info": {
        "mobilesdk_app_id": "1:192308798712:android:c1fb997298eacad610c70d",
        "android_client_info": {
          "package_name": "com.abhinav.hospitalmanagementsystem"
        }
      },
      "oauth_client": [
        {
          "client_id": "192308798712-jca2drh65rl3nlaa7ce90f8pogok0a97.apps.googleusercontent.com",
          "client_type": 1,
          "android_info": {
            "package_name": "com.abhinav.hospitalmanagementsystem",
            "certificate_hash": "5bc3055991e6ef501b5c804199ef32a9b847d212"
          }
        },
        {
          "client_id": "192308798712-f3dbeq4rg5utaj7g4qnfsh91m9fkpn5o.apps.googleusercontent.com",
          "client_type": 3
        }
      ],
      "api_key": [
        {
          "current_key": "AIzaSyAflQ3h8e_Vi-iun74t5BC9D3_YKnOtR7M"
        }
      ],
      "services": {
        "appinvite_service": {
          "other_platform_oauth_client": [
            {
              "client_id": "192308798712-f3dbeq4rg5utaj7g4qnfsh91m9fkpn5o.apps.googleusercontent.com",
              "client_type": 3
            }
          ]
        }
      }
    }
  ],
  "configuration_version": "1"
}